method,init_pop_size,lag,bias_mean,bias_prop_mean,averted_sd
1,1000000,14,-3099.2926,-0.111009970847501,83.21956120580514
2,1000000,14,-2228.9299,-0.0797965019958094,89.97398318583575
3,1000000,14,-2255.3792,-0.0807450708332383,89.80884315712439
5,1000000,14,2828.0533,0.1015591731529392,105.25024255552012
