method,init_pop_size,lag,bias_mean,bias_prop_mean,averted_sd
1,1000000,14,-3253.76,-0.1157977507110772,83.3326258473369
2,1000000,14,-2440.36,-0.08682103814416765,93.59748819235679
3,1000000,14,-2466.96,-0.0877686017960745,93.41284271273123
5,1000000,14,2765.66,0.0986283061534132,103.83418689115327
