method,nsam,lag,bias_mean,bias_prop_mean,averted_sd
1,1000000,14,-2340.7935,-0.08301538471188552,82.23222333425909
3,1000000,14,25.0634,0.0010292641885421322,91.23072754458788
