method,init_pop_size,lag,bias,sd_averted,bias_prop,sd_averted_prop
1,1000000,14,-3099.2926,83.21956120580514,-0.0030992926000000002,8.321956120580514e-5
2,1000000,14,-2228.9299,89.97398318583575,-0.0022289299,8.997398318583575e-5
3,1000000,14,-2255.3792,89.80884315712439,-0.0022553791999999997,8.980884315712439e-5
5,1000000,14,2828.0533,105.25024255552012,0.0028280533,1.0525024255552011e-4
